title,link,kind,isfeature
Hành Tinh Khỉ: Vương Quốc Mới,https://ohitv.net/phim-le/hanh-tinh-khi-vuong-quoc-moi/,phim chieu rap,No
Những Người Bạn Tưởng Tượng,https://ohitv.net/phim-le/nhung-nguoi-ban-tuong-tuong/,phim chieu rap,No
Vây Hãm: Kẻ Trừng Phạt,https://ohitv.net/phim-le/vay-ham-ke-trung-phat/,phim chieu rap,No
Ngày Tàn Của Đế Quốc,https://ohitv.net/phim-le/ngay-tan-cua-de-quoc/,phim chieu rap,No
Anh Hùng Bàn Phím,https://ohitv.net/phim-le/anh-hung-ban-phim/,phim chieu rap,No
Godzilla x Kong: Đế Chế Mới,https://ohitv.net/phim-le/godzilla-x-kong-de-che-moi/,phim chieu rap,No
Tu Viện Máu,https://ohitv.net/phim-le/tu-vien-mau/,phim chieu rap,No
Nắm Đấm Trời Ban,https://ohitv.net/phim-le/nam-dam-troi-ban/,phim chieu rap,No
Cô Ấy Rực Rỡ,https://ohitv.net/phim-le/co-ay-ruc-ro/,phim chieu rap,No
Thanh Xuân 18×2: Lữ Trình Hướng Về Em,https://ohitv.net/phim-le/thanh-xuan-18x2-lu-trinh-huong-ve-em/,phim chieu rap,No
Hào Quang Đẫm Máu,https://ohitv.net/phim-le/hao-quang-dam-mau/,phim chieu rap,No
"Em, Người Mà Tôi Đã Đánh Mất",https://ohitv.net/phim-le/em-nguoi-toi-da-danh-mat/,phim chieu rap,No
Kung Fu Panda 4,https://ohitv.net/phim-le/kung-fu-panda-4/,phim chieu rap,No
Exhuma: Quật Mộ Trùng Ma,https://ohitv.net/phim-le/exhuma-quat-mo-trung-ma/,phim chieu rap,No
Cay Nóng Hôi Hổi (Nhiệt Lạt Cổn Thang),https://ohitv.net/phim-le/cay-nong-hoi-hoi/,phim chieu rap,No
Argylle: Siêu Điệp Viên,https://ohitv.net/phim-le/argylle-sieu-diep-vien/,phim chieu rap,No
Bà Thím Báo Thù,https://ohitv.net/phim-le/ba-thim-bao-thu/,phim chieu rap,No
Nàng Thơ Của Miller,https://ohitv.net/phim-le/nang-tho-cua-miller/,phim chieu rap,No
Mật Vụ Ong,https://ohitv.net/phim-le/mat-vu-ong/,phim chieu rap,No
Aquaman và Vương Quốc Thất Lạc,https://ohitv.net/phim-le/aquaman-va-vuong-quoc-that-lac/,phim chieu rap,No
Điệp Vụ Cuối Cùng,https://ohitv.net/phim-le/diep-vu-cuoi-cung/,phim chieu rap,No
Biệt Đội Săn Rồng,https://ohitv.net/phim-le/biet-doi-san-rong/,phim chieu rap,No
Một Mình Vẫn Ổn’t,https://ohitv.net/phim-le/mot-minh-van-on-t/,phim chieu rap,No
Băng Qua Biển Giận Dữ,https://ohitv.net/phim-le/bang-qua-bien-gian-du/,phim chieu rap,No
Đế Chế Napoleon,https://ohitv.net/phim-le/de-che-napoleon/,phim chieu rap,No
Biệt Đội Marvel,https://ohitv.net/phim-le/biet-doi-marvel/,phim chieu rap,No
Tee Yod: Quỷ Ăn Tạng,https://ohitv.net/phim-le/tee-yod-quy-an-tang/,phim chieu rap,No
Quỷ Lùn Tinh Nghịch 3: Đồng Tâm Hiệp Nhạc,https://ohitv.net/phim-le/quy-lun-tinh-nghich-3-dong-tam-hiep-nhac/,phim chieu rap,No
Yêu Lại Vợ Ngầu,https://ohitv.net/phim-le/yeu-lai-vo-ngau/,phim chieu rap,No
Hội Người Nghiện Gội Đầu,https://ohitv.net/phim-le/hoi-nguoi-nghien-goi-dau/,phim chieu rap,No
Phong Nguyệt Vô Biên,https://ohitv.net/phim-le/quai-vat/,phim chieu rap,No
Tình Thâm Bất Hối Tái Ái Nan Vi,https://ohitv.net/phim-le/dau-gau-dung-dau-dat/,phim chieu rap,No
Chuyện Tình Của Anh Chị Em Tôi,https://ohitv.net/phim-le/bong-dung-trung-so/,phim chieu rap,No
Yêu Giữa Đất Trời Đảo Điên,https://ohitv.net/phim-le/cuoc-goi/,phim chieu rap,No
Chúng Ta Ngang Tài Ngang Sức,https://ohitv.net/phim-le/kong-dao-dau-lau/,phim chieu rap,No
Nữ Hoàng Nước Mắt,https://ohitv.net/phim-le/kung-fu-gau-truc-2/,phim chieu rap,No
Trò Chơi Trí Mệnh,https://ohitv.net/phim-le/kung-fu-gau-truc/,phim chieu rap,No
Cõng Anh Mà Chạy,https://ohitv.net/phim-bo/phong-hoa-luu-kim/,action adventure,No
Tích Hoa Chỉ,https://ohitv.net/phim-bo/sup-do/,action adventure,No
Mặt Nạ Chân Tình,https://ohitv.net/phim-bo/dai-mong-quy-ly/,action adventure,No
Sắc Xuân Gửi Người Tình,https://ohitv.net/phim-bo/ngu-hanh-the-gia/,action adventure,No
Hoa Máu,https://ohitv.net/phim-bo/queen-woo/,action adventure,No
Oppenheimer,https://ohitv.net/phim-bo/ho-yeu-tieu-hong-nuong-nguyet-hong-thien/,action adventure,No
Quái Vật,https://ohitv.net/phim-bo/tu-tru-vuong-nguoi-thay-doi-dinh-menh/,action adventure,No
Đầu Gấu Đụng Đầu Đất,https://ohitv.net/phim-bo/tu-xuyen-quang-minh-tam-kiet/,action adventure,No
Bỗng Dưng Trúng Số,https://ohitv.net/phim-bo/the-than-ngu-khi-su-cuoi-cung/,action adventure,No
Cuộc Gọi,https://ohitv.net/phim-bo/liep-bang/,action adventure,No
Kong: Đảo Đầu Lâu,https://ohitv.net/phim-bo/dai-ly-tu-thieu-khanh-du/,action adventure,No
Chuyến Tàu Sinh Tử,https://ohitv.net/phim-bo/nha-cua-ninja/,action adventure,No
Kung Fu Panda 3,https://ohitv.net/phim-bo/cua-hang-sat-thu/,action adventure,No
Đại Dịch Cúm,https://ohitv.net/phim-bo/vuong-gia-vinh-dieu-vinh-dieu-chi-chuong-thanh-toai-nguyet/,action adventure,No
Kung Fu Gấu Trúc 2,https://ohitv.net/phim-bo/echo/,action adventure,No
Kung Fu Gấu Trúc,https://ohitv.net/phim-bo/thang-cap-mot-minh/,action adventure,No
Người Tình Sát Thủ,https://ohitv.net/phim-bo/dau-pha-thuong-khung-thieu-nien-tro-ve/,action adventure,No
Cáp Nhĩ Tân 1944,https://ohitv.net/phim-bo/ban-trai-toi-la-ho-ly-2/,action adventure,No
Doctor Who,https://ohitv.net/phim-bo/thieu-nien-ca-hanh/,action adventure,No
Dù Tôi Không Phải Người Hùng,https://ohitv.net/phim-bo/gia-toc-rong/,action adventure,No
Chiến Binh,https://ohitv.net/phim-bo/tram-vun-huong-phai-immortal-samsara/,action adventure,No
Phong Hỏa Lệnh (Phong Hỏa Lưu Kim),https://ohitv.net/phim-bo/hoan-hon/,action adventure,No
Sụp Đổ,https://ohitv.net/phim-bo/reacher-phat-sung-cuoi-cung/,action adventure,No
Quốc Sắc Phương Hoa,https://ohitv.net/phim-bo/tro-choi-con-muc/,action adventure,No
Đại Mộng Quy Ly,https://ohitv.net/phim-bo/barbaros-thanh-kiem-dia-trung-hai/,action adventure,No
Ngũ Hành Thế Gia,https://ohitv.net/phim-bo/neu-nhu/,action adventure,No
Queen Woo,https://ohitv.net/phim-bo/an-danh/,action adventure,No
Hồ Yêu Tiểu Hồng Nương Nguyệt Hồng Thiên,https://ohitv.net/phim-bo/vincenzo/,action adventure,No
Tứ Trụ Vương: Người Thay Đổi Định Mệnh,https://ohitv.net/phim-bo/thon-phe-tinh-khong/,action adventure,No
Tử Xuyên: Quang Minh Tam Kiệt,https://ohitv.net/phim-bo/nghe-thuat-san-quy-va-nau-mi/,action adventure,No
Thế Thần: Ngự khí sư cuối cùng,https://ohitv.net/phim-bo/thanh-tra-mau-muc/,action adventure,No
Liệp Băng,https://ohitv.net/phim-bo/khong-mot-ai-biet/,action adventure,No
Đại Lý Tự Thiếu Khanh Du,https://ohitv.net/phim-bo/bien-nien-su-arthda-arthdal-chronicles/,action adventure,No
Nhà của ninja,https://ohitv.net/phim-bo/mau-va-co-vat/,action adventure,No
Cửa Hàng Sát Thủ,https://ohitv.net/phim-bo/thanh-guom-diet-quy/,action adventure,No
Vương Giả Vinh Diệu – Vinh Diệu Chi Chương: Thành Toái Nguyệt,https://ohitv.net/phim-bo/hoi-nhan/,action adventure,No
Echo,https://ohitv.net/phim-bo/tinh-yeu-den-trang/,action adventure,No
Thăng Cấp Một Mình,https://ohitv.net/phim-bo/hau-due-mat-troi/,action adventure,No
Anh em nhà họ Tôn,https://ohitv.net/phim-bo/vuong-trieu-cuoi-cung/,action adventure,No
Berlin,https://ohitv.net/phim-bo/tinh-yeu-va-tien-bac/,action adventure,No
Sinh Vật Gyeongseong,https://ohitv.net/phim-bo/tro-choi-vuong-quyen/,action adventure,No
Percy Jackson và Các Vị Thần Trên Đỉnh Olympus,https://ohitv.net/phim-bo/vuot-nguc/,action adventure,No
Trò Chơi Sống Còn,https://ohitv.net/phim-bo/dao-hai-tac/,action adventure,No
Đấu Phá Thương Khung: Thiếu Niên Trở Về,https://ohitv.net/phim-bo/nam-thanh-yen/,phim chinh kich,No
Cáo Tinh Ranh,https://ohitv.net/phim-bo/dia-nguc-ngot-ngao-va-cay-dang/,phim chinh kich,No
Monarch: Thế Giới Quái Thú,https://ohitv.net/phim-bo/xin-hay-yeu-duong-voi-ke-hai-huoc-nhu-toi/,phim chinh kich,No
Cảnh Giác,https://ohitv.net/phim-bo/van-tram/,phim chinh kich,No
Hổ Hạc Yêu Sư Lục,https://ohitv.net/phim-bo/khi-em-chay-ve-moi-thoi-khong/,phim chinh kich,No
Tội Ác Kinh Hoàng,https://ohitv.net/phim-bo/cay-o-liu-mau-trang/,phim chinh kich,No
Bài Ca Của Lưỡi Kiếm,https://ohitv.net/phim-bo/vi-am-chi-hoa/,phim chinh kich,No
Trường Tương Tư,https://ohitv.net/phim-bo/phong-nguyet-vo-bien/,phim chinh kich,No
Khói Lửa Nhân Gian Của Tôi,https://ohitv.net/phim-bo/tam-biet-trai-dat/,phim chinh kich,No
Con Số Bí Mật,https://ohitv.net/phim-bo/dai-tieu-thu-vuot-qua-chong-gai/,phim chinh kich,No
Chó Săn Công Lý,https://ohitv.net/phim-le/vay-ham-ke-trung-phat/,phim chinh kich,No
Hiệp Sĩ Áo Đen,https://ohitv.net/phim-bo/bach-nguyet-phan-tinh/,phim chinh kich,No
Bạn Trai Tôi Là Hồ Ly 2,https://ohitv.net/phim-bo/du-quan-hanh/,phim chinh kich,No
Vân Tương Truyện,https://ohitv.net/phim-bo/than-su-dai-nhan-cua-ta/,phim chinh kich,No
Gia Đình,https://ohitv.net/phim-bo/cap-nhi-tan-1944/,phim chinh kich,No
Thiếu Niên Ca Hành,https://ohitv.net/phim-bo/dong-bac-bach-su/,phim chinh kich,No
Gia Tộc Rồng,https://ohitv.net/phim-bo/chief-detective-1958/,phim chinh kich,No
Trầm Vụn Hương Phai,https://ohitv.net/phim-bo/nhan-duyen-tuyet-hao/,phim chinh kich,No
Hoàn Hồn,https://ohitv.net/phim-le/bo-chien-tranh-bat-lich-su/,phim chinh kich,No
Reacher: Phát Súng Cuối Cùng,https://ohitv.net/phim-bo/nguoi-tinh-sat-thu/,phim chinh kich,No
Trò chơi con mực,https://ohitv.net/phim-bo/quan-tinh-lap-lanh/,phim chinh kich,No
Barbaros: Thanh Kiếm Địa Trung Hải,https://ohitv.net/phim-bo/phan-anh-hung/,phim chinh kich,No
Nếu Như…?,https://ohitv.net/phim-bo/mat-na-chan-tinh/,phim chinh kich,No
Ẩn Danh,https://ohitv.net/phim-bo/so-tay-cham-con-cua-ong-bo-bim-sua/,phim chinh kich,No
Vincenzo,https://ohitv.net/phim-le/ngay-tan-cua-de-quoc/,phim chinh kich,No
Thôn Phệ Tinh Không (Thôn Tính Bầu Trời),https://ohitv.net/phim-bo/blood-free/,phim chinh kich,No
Nghệ Thuật Săn Quỷ Và Nấu Mì,https://ohitv.net/phim-bo/lovely-runner/,phim chinh kich,No
Thanh Tra Mẫu Mực,https://ohitv.net/phim-bo/ky-sinh-thu-vung-xam/,phim chinh kich,No
Không Một Ai Biết,https://ohitv.net/phim-le/rebel-moon-phan-hai-ke-khac-vet-seo/,phim chinh kich,No
Biên Niên Sử Arthda,https://ohitv.net/phim-bo/hao-y-hanh/,phim chinh kich,No
Máu Và Cổ Vật,https://ohitv.net/phim-bo/yeu-giua-dat-troi-dao-dien/,phim chinh kich,No
Thanh Gươm Diệt Quỷ,https://ohitv.net/phim-bo/ly-ca/,phim chinh kich,No
Hội Nhẫn,https://ohitv.net/phim-bo/hong-y-tuy/,phim chinh kich,No
Tình Yêu Đen Trắng,https://ohitv.net/phim-bo/tinh-yeu-co-phao-hoa/,phim chinh kich,No
Hậu Duệ Mặt Trời,https://ohitv.net/phim-bo/luu-thuy-dao-dao/,phim chinh kich,No
Vương Triều Cuối Cùng,https://ohitv.net/phim-bo/chuyen-bay-khong-co-khieu-nai/,phim chinh kich,No
Tình Yêu Và Tiền Bạc,https://ohitv.net/phim-bo/ho-yeu-tieu-hong-nuong-nguyet-hong-thien/,phim chinh kich,No
Trò Chơi Vương Quyền,https://ohitv.net/phim-bo/hoa-gian-lenh/,phim chinh kich,No
Vượt Ngục,https://ohitv.net/phim-bo/tam-biet-bach-nguyet-quang/,phim chinh kich,No
Đảo Hải Tặc,https://ohitv.net/phim-le/co-ay-ruc-ro/,phim chinh kich,No
Nam Thành Yến,https://ohitv.net/phim-bo/the-than-ngu-khi-su-cuoi-cung/,phim chinh kich,No
Địa Ngục Ngọt Ngào và Cay Đắng,https://ohitv.net/phim-bo/nu-hoang-nuoc-mat/,phim chinh kich,No
Xin Hãy Yêu Đương Với Kẻ Hài Hước Như Tôi,https://ohitv.net/phim-bo/cuoc-chien-thua-ke/,phim chinh kich,No
Vấn Trâm,https://ohitv.net/phim-bo/hon-le-bat-kha-thi/,phim chinh kich,No
Khi Em Chạy Về Mọi Thời Không,https://ohitv.net/phim-bo/the-gioi-tuoi-dep/,phim chinh kich,No
Nam Ngọc Khanh Tâm,https://ohitv.net/phim-bo/tro-choi-kim-tu-thap/,phim chinh kich,No
The 8 Show,https://ohitv.net/phim-bo/chuong-reo/,phim chinh kich,No
Cô Ấy Hoàn Hảo,https://ohitv.net/phim-bo/dai-ly-tu-thieu-khanh-du/,phim chinh kich,No
Chú Samsik,https://ohitv.net/phim-bo/mo-sac-tam-tich/,phim chinh kich,No
Người Thừa Kế Gia Tộc,https://ohitv.net/phim-le/ten-toi-la-loh-kiwan/,phim chinh kich,No
Nước Ngọt Vị Cam (Nước Quýt Có Ga),https://ohitv.net/phim-bo/to-be-continued/,phim chinh kich,No
Giám Tâm,https://ohitv.net/phim-bo/phao-hoa-nhan-gia/,phim chinh kich,No
Không Thể Nói Ra,https://ohitv.net/phim-bo/xuan-nhat-nung-tinh/,phim chinh kich,No
Tương Tư Cổ,https://ohitv.net/phim-bo/tracker/,phim chinh kich,No
Thiên Hành Kiện,https://ohitv.net/phim-le/chung-ta-cung-nhau-lac-mat-troi/,phim chinh kich,No
Thử Khắc Vô Thanh (Nhất Thời Im Lặng),https://ohitv.net/phim-le/cay-nong-hoi-hoi/,phim chinh kich,No
A Lạp Thái Của Tôi,https://ohitv.net/phim-bo/nam-lai-bac-vang/,phim chinh kich,No
Tái Sinh,https://ohitv.net/phim-bo/dai-duong-dich-cong-an/,phim chinh kich,No
Đại Phụng Đả Canh Nhân,https://ohitv.net/phim-bo/nu-hon-o-seongsu/,phim chinh kich,No
Tiểu Đình Đài,https://ohitv.net/phim-bo/dai-duong-dich-cong-an/,phim chinh kich,No
Xin Hãy Yêu Anh Như Vậy,https://ohitv.net/phim-bo/nu-hon-o-seongsu/,phim chinh kich,No
Lực Lượng Gìn Giữ Hòa Bình,https://ohitv.net/phim-bo/tho-ta-di-binh/,phim chinh kich,No
Cây Ô Liu Màu Trắng,https://ohitv.net/phim-bo/tro-choi-tri-menh/,phim chinh kich,No
Vi Ám Chi Hỏa,https://ohitv.net/phim-bo/giua-con-bao-tuyet/,phim chinh kich,No
Tạm biệt Trái Đất,https://ohitv.net/phim-bo/nu-hoang-ly-hon/,phim chinh kich,No
Đại Tiểu Thư Vượt Qua Chông Gai,https://ohitv.net/phim-bo/a-mach-tong-quan/,phim chinh kich,No
Bạch Nguyệt Phạn Tinh,https://ohitv.net/phim-le/mat-vu-ong/,phim chinh kich,No
Dữ Quân Hành,https://ohitv.net/phim-bo/echo/,phim chinh kich,No
Thần Sứ Đại Nhân Của Ta,https://ohitv.net/phim-bo/huong-ve-em/,phim chinh kich,No
Đông Bắc Bạch Sự,https://ohitv.net/phim-bo/anh-cung-co-ngay-nay/,phim chinh kich,No
Chánh Thanh Tra 1958,https://ohitv.net/phim-bo/anh-em-nha-ho-ton/,phim chinh kich,No
Nhân Duyên Tuyệt Hảo,https://ohitv.net/phim-bo/tinh-ca-ao-mong/,phim chinh kich,No
Bộ Chiến Tranh Bất Lịch Sự,https://ohitv.net/phim-bo/co-di-ma-lay-chong-toi/,phim chinh kich,No
Quần Tinh Lấp Lánh,https://ohitv.net/phim-bo/thien-khoi-di-van-luc/,phim chinh kich,No
Phản Anh Hùng,https://ohitv.net/phim-bo/liet-ai/,phim chinh kich,No
Sổ Tay Chăm Con Của Ông Bố Bỉm Sữa,https://ohitv.net/phim-bo/vuot-dai-duong-de-yeu-em/,phim chinh kich,No
Loài Thống Trị,https://ohitv.net/phim-bo/thanh-thoi-gian/,phim chinh kich,No
Ký sinh thú: Vùng xám,https://ohitv.net/phim-bo/anh-va-co-ay/,phim chinh kich,No
Rebel Moon – Phần hai: Kẻ khắc vết sẹo,https://ohitv.net/phim-bo/tong-tu-thieu-hoa-luc/,phim chinh kich,No
Hạo Y Hành,https://ohitv.net/phim-bo/nhu-hoa-tren-cat/,phim chinh kich,No
Ly Ca,https://ohitv.net/phim-bo/hong-nhung/,phim chinh kich,No
Hồng Y Túy,https://ohitv.net/phim-bo/troi-choi-sinh-tu/,phim chinh kich,No
Tình Yêu Có Pháo Hoa,https://ohitv.net/phim-bo/snap-and-spark/,phim chinh kich,No
Lưu Thuỷ Đào Đào,https://ohitv.net/phim-le/rebel-moon-phan-mot-nguoi-con-cua-lua/,phim chinh kich,No
Chiết Yêu,https://ohitv.net/phim-bo/chech-quy-dao/,phim chinh kich,No
Tử Dạ Quy,https://ohitv.net/phim-bo/bi-kip-yeu-duong-cua-phuong-tieu-thu/,phim chinh kich,No
Niệm Vô Song,https://ohitv.net/phim-bo/nhac-truong-maesra-soi-day-chan-ly/,phim chinh kich,No
Cẩm Nguyệt Như Ca,https://ohitv.net/phim-bo/an-mang-noi-tan-cung-the-gioi/,phim chinh kich,No
Rèm Ngọc Châu Sa,https://ohitv.net/phim-bo/em-la-anh-sang-cua-anh/,phim chinh kich,No
Thừa Hoan Ký,https://ohitv.net/phim-bo/9-lan-gap-em/,phim chinh kich,No
Các Cô Ấy Của Hôm Nay,https://ohitv.net/phim-bo/canh-giac/,phim chinh kich,No
Từng Bước Yêu Thương (Bộ Bộ Khuynh Tâm),https://ohitv.net/phim-bo/ninh-an-nhu-mong/,phim chinh kich,No
Chưởng Quỹ Ca Ca Mau Đi Đi,https://ohitv.net/phim-bo/lac-du-nguyen-wonderland-of-love/,phim chinh kich,No
Thứ Bậc,https://ohitv.net/phim-bo/di-ai-vi-doanh/,phim chinh kich,No
Mất Tích,https://ohitv.net/phim-bo/chut-nang-am-moi-ngay/,phim chinh kich,No
Vẻ Đẹp Thuần Khiết,https://ohitv.net/phim-bo/giau-em/,phim chinh kich,No
Uyển Uyển Như Mộng Tiêu,https://ohitv.net/phim-bo/trang-len-ban-ngay/,phim chinh kich,No
Chấp Bút,https://ohitv.net/phim-bo/nghich-ly-toc-do/,phim chinh kich,No
Dữ Phượng Hành,https://ohitv.net/phim-bo/dai-noi-mat-tham-chi-nhan-duyen-kiep/,phim chinh kich,No
Chuyến Bay Không Có Khiếu Nại,https://ohitv.net/phim-bo/ban-trai-hop-dong/,phim chinh kich,No
Hoa Gian Lệnh,https://ohitv.net/phim-bo/doona/,phim chinh kich,No
Tạm Biệt Bạch Nguyệt Quang,https://ohitv.net/phim-bo/tho-tien-vuong-phi/,phim chinh kich,No
Người Yêu Thú Cưng Của Tôi,https://ohitv.net/phim-bo/vi-huu-am-huong-lai/,phim chinh kich,No
Cuộc Sống Gia Đình Nhỏ,https://ohitv.net/phim-bo/tan-tuong-tu/,phim chinh kich,No
Say Để Yêu Em,https://ohitv.net/phim-bo/tan-hoan/,phim chinh kich,No
Liệt Diễm Chi Vũ Canh Kỷ,https://ohitv.net/phim-bo/ngay-tuyet-voi-de-tro-thanh-cun/,phim chinh kich,No
Kiểu Nguyệt Lưu Hỏa,https://ohitv.net/phim-le/my-nhan-dao-chich/,phim chinh kich,No
Tiệm Chụp Ảnh Ma Quái,https://ohitv.net/phim-bo/trang-vien-me-tinh/,phim chinh kich,No
Cảm Ơn Em Đã Sưởi Ấm Anh,https://ohitv.net/phim-bo/co-nang-manh-me-gang-nam-soon/,phim chinh kich,No
Trường Tương Vật,https://ohitv.net/phim-bo/van-menh-gan-ket/,phim chinh kich,No
Đừng Phiền Tôi Làm Nông,https://ohitv.net/phim-bo/tan-giai-dich-chu-mau/,phim chinh kich,No
Nhất Mộng Phù Sinh,https://ohitv.net/phim-bo/toi-ac-kinh-hoang-the-worst-of-evil/,phim chinh kich,No
Kiến Khanh Khanh,https://ohitv.net/phim-bo/hoang-phi-co-sao-lai-the/,phim chinh kich,No
Đừng Rung Động Vì Anh,https://ohitv.net/phim-bo/tinh-yeu-nay-bat-kha-khang/,phim chinh kich,No
Bình Minh Trên Sông,https://ohitv.net/phim-bo/chuoc-chuoc-phong-luu/,phim chinh kich,No
Phi Trì Nhân Sinh,https://ohitv.net/phim-bo/huong-tinh-yeu/,phim chinh kich,No
Ti Thừa Đại Nhân Thân Yêu,https://ohitv.net/phim-bo/lua-chon/,phim chinh kich,No
Vĩnh An Mộng,https://ohitv.net/phim-bo/ban-tay-ma-thuat/,phim chinh kich,No
Gả Đông Cung,https://ohitv.net/phim-bo/bay-kiep-may-man/,phim chinh kich,No
Đại Tướng Quân,https://ohitv.net/phim-bo/la-phieu-tu-hinh/,phim chinh kich,No
Ẩn Số Về Chúng Ta,https://ohitv.net/phim-bo/doi-thieu-nien-sieu-dang/,phim chinh kich,No
Tình Yêu Trong Bàn Tay,https://ohitv.net/phim-bo/nguoi-yeu-dau/,phim chinh kich,No
Cuộc Chiến Thừa Kế,https://ohitv.net/phim-bo/dung-noi-doi-em/,phim chinh kich,No
Hôn Lễ Bất Khả Thi,https://ohitv.net/phim-le/chuyen-tinh-chang-tam-quy/,phim chinh kich,No
Thế Giới Tươi Đẹp,https://ohitv.net/phim-le/hoi-nguoi-nghien-goi-dau/,phim chinh kich,No
Trò Chơi Kim Tự Tháp,https://ohitv.net/phim-bo/dong-thoai-doc-nhat/,phim chinh kich,No
Chuông Reo,https://ohitv.net/phim-bo/truong-tuong-tu/,phim chinh kich,No
Mộ Sắc Tâm Tích,https://ohitv.net/phim-bo/lang-quan-khong-nhu-y/,phim chinh kich,No
Tên tôi là Loh Kiwan,https://ohitv.net/phim-le/oppenheimer/,phim chinh kich,No
To Be Continued,https://ohitv.net/phim-bo/an-lac-truyen/,phim chinh kich,No
Pháo Hoa Nhân Gia,https://ohitv.net/phim-bo/ngoc-cot-dao/,phim chinh kich,No
Xuân Nhật Nùng Tình,https://ohitv.net/phim-bo/nguoi-noi-tieng/,phim chinh kich,No
Tracker,https://ohitv.net/phim-bo/huynh-de-ki-tich/,phim chinh kich,No
Chúng Ta Cùng Nhau Lắc Mặt Trời,https://ohitv.net/phim-bo/nhip-dap-trai-tim/,phim chinh kich,No
Nam Lai Bắc Vãng,https://ohitv.net/phim-bo/ac-quy/,phim chinh kich,No
Đại Đường Địch Công Án,https://ohitv.net/phim-bo/vap-nga-dung-khoc/,phim chinh kich,No
Nụ Hôn Ở Seongsu,https://ohitv.net/phim-bo/co-tuong-tu-khuc/,phim chinh kich,No
Trao Nàng Bàn Tay,https://ohitv.net/phim-bo/nguoi-me-toi-cua-toi/,phim chinh kich,No
Thọ Tả Dĩ Bính (Để Nàng Nắm Thóp),https://ohitv.net/phim-bo/tinh-yeu-anh-danh-cho-em/,phim chinh kich,No
Thám Tử Đáng Yêu,https://ohitv.net/phim-bo/day-khong-phai-la-keo-co-sao/,phim chinh kich,No
Giữa Cơn Bão Tuyết,https://ohitv.net/phim-bo/phong-hau/,phim chinh kich,No
Cô Ấy Độc Nhất Hữu Nhị,https://ohitv.net/phim-bo/truong-nguyet-tan-minh/,phim chinh kich,No
Nữ Hoàng Ly Hôn,https://ohitv.net/phim-bo/gulcemal/,phim chinh kich,No
A Mạch Tòng Quân,https://ohitv.net/phim-bo/treu-choc/,phim chinh kich,No
Phệ Tâm,https://ohitv.net/phim-bo/quy-lo-duong-ve-nha/,phim chinh kich,No
Hỉ Quyển Thường Lạc Thành,https://ohitv.net/phim-bo/gia-dinh/,phim chinh kich,No
Không Có Cốt Truyện Cũng Không Sao,https://ohitv.net/phim-bo/oc-dao-tuoi-tre/,phim chinh kich,No
Nốt Trầm Đời Bác SĨ,https://ohitv.net/phim-bo/luat-su-ly-hon-shin/,phim chinh kich,No
Tài Phiệt Và Cảnh Sát,https://ohitv.net/phim-bo/toi-la-farah/,phim chinh kich,No
Hạt Ngọc Trai,https://ohitv.net/phim-bo/taxi-ma-quai/,phim chinh kich,No
Tình Yêu Ngàn Năm,https://ohitv.net/phim-bo/cuu-tieu-han-da-noan/,phim chinh kich,No
Đôi Mắt Si Tình,https://ohitv.net/phim-bo/tinh-lac-ngung-thanh-duong/,phim chinh kich,No
Sejak: Mê Hoặc Quân Vương,https://ohitv.net/phim-bo/dai-minh-duoi-kinh-hien-vi/,phim chinh kich,No
Tình Yêu 199 – Muốn Mãi Mãi Yêu,https://ohitv.net/phim-bo/cong-tu-chang-ten-gi/,phim chinh kich,No
Di Sản Kỳ Bí,https://ohitv.net/phim-bo/chim-moi-decoy/,phim chinh kich,No
Lâu Rồi Chưa Yêu,https://ohitv.net/phim-bo/tam-the/,phim chinh kich,No
Kỳ Kim Triêu,https://ohitv.net/phim-bo/khoa-hoc-yeu-cap-toc/,phim chinh kich,No
Tiên Kiếm Kỳ Hiệp 4,https://ohitv.net/phim-bo/trach-quan-ky/,phim chinh kich,No
Tầng 19,https://ohitv.net/phim-bo/di-den-noi-co-gio/,phim chinh kich,No
Hoa Nở Về Đêm,https://ohitv.net/phim-bo/vinh-quang-trong-thu-han/,phim chinh kich,No
Hoa Thanh Ca,https://ohitv.net/phim-bo/thieu-nien-ca-hanh/,phim chinh kich,No
Chàng trai nuốt chửng vũ trụ,https://ohitv.net/phim-bo/hoa-mau/,phim chinh kich,No
Hướng Về Em,https://ohitv.net/phim-bo/blues-noi-dao-xanh/,phim chinh kich,No
Người Phiên Dịch Của Chúng Tôi,https://ohitv.net/phim-bo/hen-ho-chon-cong-so/,phim chinh kich,No
Anh Cũng Có Ngày Này,https://ohitv.net/phim-bo/ba-chi-em/,phim chinh kich,No
Tình Ca Ảo Mộng,https://ohitv.net/phim-bo/reacher-phat-sung-cuoi-cung/,phim chinh kich,No
Cô Đi Mà Lấy Chồng Tôi,https://ohitv.net/phim-bo/ngoi-sao-lap-lanh/,phim chinh kich,No
Một Chương Hạnh Phúc,https://ohitv.net/phim-bo/mua-he-yeu-dau-cua-chung-ta/,phim chinh kich,No
Thiên Khởi Dị Văn Lục,https://ohitv.net/phim-bo/hanh-phuc-chung-cu-co-doc/,phim chinh kich,No
Liệt Ái,https://ohitv.net/phim-bo/quoc-tu-giam-co-mot-nu-de-tu/,phim chinh kich,No
Vượt Đại Dương Để Yêu Em,https://ohitv.net/phim-bo/barbaros-thanh-kiem-dia-trung-hai/,phim chinh kich,No
Mạch Thượng Nhân Như Ngọc,https://ohitv.net/phim-bo/noi-xu-nguoi-toi-rat-on/,phim chinh kich,No
Thành Thời Gian,https://ohitv.net/phim-bo/thanh-an-dai-duong/,phim chinh kich,No
Thượng Hải Phồn Hoa,https://ohitv.net/phim-bo/mua-he-cua-huong-bac-ha/,phim chinh kich,No
Anh Và Cô Ấy,https://ohitv.net/phim-bo/meo-hay-cau-nguyen/,phim chinh kich,No
Tống Từ Thiều Hoa Lục,https://ohitv.net/phim-bo/tinh-yeu-bat-ngo/,phim chinh kich,No
Như Hoa Trên Cát,https://ohitv.net/phim-bo/chuyen-hon-dao/,phim chinh kich,No
Hồng Nhung,https://ohitv.net/phim-bo/doi-cau-long-thieu-nien-racket-boys/,phim chinh kich,No
Trò Chơi Sinh Tử,https://ohitv.net/phim-bo/an-danh/,phim chinh kich,No
Snap and Spark,https://ohitv.net/phim-bo/vincenzo/,phim chinh kich,No
Rebel Moon – Phần một: Người con của lửa,https://ohitv.net/phim-bo/anh-em-toi/,phim chinh kich,No
Chệch Quỹ Đạo,https://ohitv.net/phim-le/dem-giao-thua/,phim chinh kich,No
Bí Kíp Yêu Đương Của Phương Tiểu Thư,https://ohitv.net/phim-le/con-tau-chien-thang/,phim chinh kich,No
Thần Ẩn,https://ohitv.net/phim-bo/cho-em-den/,phim chinh kich,No
Thiếu Niên Minh Long,https://ohitv.net/phim-bo/chang-hau/,phim chinh kich,No
Nhạc Trưởng Maestra: Sợi Dây Chân Lý,https://ohitv.net/phim-bo/ve-dep-dich-thuc/,phim chinh kich,No
Quyến Luyến Hồng Trần,https://ohitv.net/phim-bo/bien-nien-su-arthda-arthdal-chronicles/,phim chinh kich,No
Kỳ Nghỉ Phép 3 Ngày,https://ohitv.net/phim-bo/mau-va-co-vat/,phim chinh kich,No
Đoạt Kiêu,https://ohitv.net/phim-bo/hercai/,phim chinh kich,No
Chào Mừng Đến Samdal-ri,https://ohitv.net/phim-bo/hoi-nhan/,phim chinh kich,No
Người Yêu Tôi Là Thần Tình Yêu,https://ohitv.net/phim-bo/vi-khach/,phim chinh kich,No
Nương Tử Tại Thượng,https://ohitv.net/phim-bo/lang-quan-100-ngay/,phim chinh kich,No
Gả Cho Chàng,https://ohitv.net/phim-bo/hau-cung-nhu-y-truyen/,phim chinh kich,No
Hãy Nói Với Anh Rằng Em Yêu Anh,https://ohitv.net/phim-bo/dien-hy-cong-luoc/,phim chinh kich,No
Không Chỉ Là Thích Em,https://ohitv.net/phim-bo/tinh-yeu-bi-mat/,phim chinh kich,No
Hợp Đồng Hôn Nhân Của Cô Park,https://ohitv.net/phim-bo/bien-den/,phim chinh kich,No
Chàng quỷ của tôi,https://ohitv.net/phim-bo/doi-song-nguc-tu/,phim chinh kich,No
Mùa xuân Seoul,https://ohitv.net/phim-bo/ngoc-trai-den/,phim chinh kich,No
Còn Lâu Mới Thèm Yêu Đương,https://ohitv.net/phim-bo/dom-dom/,phim chinh kich,No
Sở Tiên Sinh Từ Trên Trời Rơi Xuống,https://ohitv.net/phim-bo/co-dau-istanbul/,phim chinh kich,No
Đấu Phá Thương Khung: Thức Tỉnh,https://ohitv.net/phim-bo/yeu-tinh/,phim chinh kich,No
Án mạng nơi Tận cùng Thế giới,https://ohitv.net/phim-bo/nguoi-thay-y-duc/,phim chinh kich,No
Em Là Ánh Sáng Của Anh,https://ohitv.net/phim-bo/hai-the-gioi/,phim chinh kich,No
9 Lần Gặp Em,https://ohitv.net/phim-bo/yeu-khong-ly-do/,phim chinh kich,No
Ninh An Như Mộng,https://ohitv.net/phim-bo/hau-due-mat-troi/,phim chinh kich,No
Lạc Du Nguyên,https://ohitv.net/phim-bo/tinh-yeu-bat-tan/,phim chinh kich,No
Dĩ Ái Vi Doanh,https://ohitv.net/phim-bo/vuong-trieu-cuoi-cung/,phim chinh kich,No
Không Sợ Hãi,https://ohitv.net/phim-bo/ngoi-nha-hanh-phuc/,phim chinh kich,No
Chút nắng ấm mỗi ngày,https://ohitv.net/phim-bo/hau-truong-giai-tri/,phim chinh kich,No
Giấu Em,https://ohitv.net/phim-le/ngay-tho/,phim chinh kich,No
Trăng Lên Ban Ngày,https://ohitv.net/phim-bo/ky-nu-hwang-jin-yi/,phim chinh kich,No
Nghịch Lý Tốc Độ (Cực Tốc Bối Luận),https://ohitv.net/phim-bo/vuot-nguc/,phim chinh kich,No
Diva Của Đảo Hoang – Castaway Diva,https://ohitv.net/phim-le/xuan-ha-thu-dong-roi-lai-xuan/,phim chinh kich,No
Ác Nữ,https://ohitv.net/phim-bo/nang-dae-jang-geum/,phim chinh kich,No
Đại Nội Mật Thám Chi Nhân Duyên Kiếp,https://ohitv.net/phim-le/dam-xanh/,phim chinh kich,No
Bạn Trai Hợp Đồng,https://ohitv.net/phim-le/les-miserables/,phim chinh kich,No
Bánh Quy Ma Thuật,https://ohitv.net/phim-le/nha-tu-shawshank/,phim chinh kich,No
Doona!,https://ohitv.net/phim-le/cuoc-doi-forrest-gump/,phim chinh kich,No
Thỏ Tiên Vương Phi,https://ohitv.net/phim-le/dead-poets-society/,phim chinh kich,No
Điền Canh Kỷ,https://ohitv.net/phim-le/cuon-theo-chieu-gio/,phim chinh kich,No
Vi Hữu Ám Hương Lai,https://ohitv.net/phim-bo/dia-nguc-ngot-ngao-va-cay-dang/,phim hai,No
Tẫn Tương Tư,https://ohitv.net/phim-bo/nam-ngoc-khanh-tam/,phim hai,No
Tẫn Hoan,https://ohitv.net/phim-bo/co-ay-hoan-hao/,phim hai,No
Ngày Tuyệt Vời Để Trở Thành Cún,https://ohitv.net/phim-bo/co-dam-yeu-anh/,phim hai,No
Mỹ Nhân Đạo Chích,https://ohitv.net/phim-bo/tai-nan/,phim hai,No
Trang Viên Mê Tình,https://ohitv.net/phim-le/nhung-nguoi-ban-tuong-tuong/,phim hai,No
Cô Nàng Mạnh Mẽ Gang Nam Soon,https://ohitv.net/phim-le/me-cua-nang-dau/,phim hai,No
Vận Mệnh Gắn Kết,https://ohitv.net/phim-bo/xin-hay-yeu-anh-nhu-vay/,phim hai,No
Tấn Giai Đích Chủ Mẫu,https://ohitv.net/phim-bo/phat-thanh-vien-thanh-that/,phim hai,No
Ngọt Ngào Và Rực Rỡ,https://ohitv.net/phim-bo/chien-binh-knuckles/,phim hai,No
Khanh Khanh Tam Tư,https://ohitv.net/phim-bo/so-tay-huong-dan-yeu-duong-tiet-kiem/,phim hai,No
Anh Ấy Bước Ra Từ Ánh Lửa,https://ohitv.net/phim-le/khong-co-chuyen-gi-ma-mot-noi-lau-khong-giai-quyet-duoc/,phim hai,No
Hoa Khê Ký,https://ohitv.net/phim-bo/missing-crown-prince/,phim hai,No
Những Năm Tháng Tuổi Trẻ Không Thể Quay Trở Lại,https://ohitv.net/phim-bo/lovely-runner/,phim hai,No
Cuộc Chiến Sinh Tồn,https://ohitv.net/phim-bo/bo-loc/,phim hai,No
maboroshi,https://ohitv.net/phim-bo/doan-xem-toi-la-ai/,phim hai,No
Nhân Viên Tài Năng Đổng Đổng Ân,https://ohitv.net/phim-le/nam-dam-troi-ban/,phim hai,No
Lương Tâm Kẻ Bắt Cóc,https://ohitv.net/phim-bo/ga-nugget/,phim hai,No
Gió Nam Hiểu Lòng Tôi,https://ohitv.net/phim-bo/nhu-hoa-tren-cat/,phim hai,No
Hoang Dã,https://ohitv.net/phim-bo/thieu-nien-minh-long/,phim hai,No
Người Yêu Một Nửa Thân Thuộc Của Tôi,https://ohitv.net/phim-le/nhung-dieu-toi-te/,phim hai,No
Người Nào Đó,https://ohitv.net/phim-bo/nguoi-yeu-toi-la-than-tinh-yeu/,phim hai,No
Nghi Phạm Thứ Tám,https://ohitv.net/phim-le/mot-minh-van-on-t/,phim hai,No
Sủng Phi Hoàng Đồ,https://ohitv.net/phim-bo/khong-chi-la-thich-em-i-may-love-you/,phim hai,No
Thời Gian Gọi Tên Em,https://ohitv.net/phim-bo/chang-quy-cua-toi/,phim hai,No
Ngọc Bích,https://ohitv.net/phim-bo/diva-cua-dao-hoang-castaway-diva/,phim hai,No
Vân Chi Vũ,https://ohitv.net/phim-le/quy-lun-tinh-nghich-3-dong-tam-hiep-nhac/,phim hai,No
Kiệu Hoa Hỉ Sự,https://ohitv.net/phim-bo/ngay-tuyet-voi-de-tro-thanh-cun/,phim hai,No
Hoàng Phi Cớ Sao Lại Thế,https://ohitv.net/phim-le/my-nhan-dao-chich/,phim hai,No
Tình Yêu Này Bất Khả Kháng,https://ohitv.net/phim-bo/co-nang-manh-me-gang-nam-soon/,phim hai,No
Chước Chước Phong Lưu,https://ohitv.net/phim-le/yeu-lai-vo-ngau/,phim hai,No
Hương Tình Yêu,https://ohitv.net/phim-bo/xin-chao-chung-toi-la-hoan-hi-thien-doan/,phim hai,No
Lựa Chọn,https://ohitv.net/phim-bo/hoa-khe-ky/,phim hai,No
Bàn Tay Ma Thuật,https://ohitv.net/phim-bo/anh-tung-den-tuong-lai-cua-em/,phim hai,No
Bảy Kiếp May Mắn,https://ohitv.net/phim-bo/luong-tam-ke-bat-coc/,phim hai,No
Lá Phiếu Tử Hình,https://ohitv.net/phim-bo/kieu-hoa-hi-su-wrong-carriage-right-groom/,phim hai,No
Đội Thiếu Niên Siêu Đẳng,https://ohitv.net/phim-bo/tinh-yeu-nay-bat-kha-khang/,phim hai,No
Người Yêu Dấu,https://ohitv.net/phim-bo/ban-tay-ma-thuat/,phim hai,No
Dị Nhân Chi Hạ,https://ohitv.net/phim-bo/ban-tay-ma-thuat/,phim hai,No
Công Tử Mặc Thượng Hương,https://ohitv.net/phim-bo/cong-tu-mac-thuong-huong/,phim hai,No
Đừng Nói Dối Em,https://ohitv.net/phim-bo/dung-noi-doi-em/,phim hai,No
Chuyện Tình Chàng Tam Quý,https://ohitv.net/phim-le/hoi-nguoi-nghien-goi-dau/,phim hai,No
Đồng Thoại Độc Nhất,https://ohitv.net/phim-bo/chua-te-quy-cap-1-va-anh-hung-mot-phong/,phim hai,No
Liên Hoa Lâu,https://ohitv.net/phim-bo/nhip-dap-trai-tim/,phim hai,No
Lang Quân Không Như Ý,https://ohitv.net/phim-bo/vap-nga-dung-khoc/,phim hai,No
An Lạc Truyện,https://ohitv.net/phim-bo/meo-hay-cau-nguyen/,phim hai,No
Ngọc Cốt Dao,https://ohitv.net/phim-bo/chuyen-hon-dao/,phim hai,No
Người Nổi Tiếng,https://ohitv.net/phim-le/chua-ngot/,phim hai,No
Huynh Đệ Kì Tích,https://ohitv.net/phim-bo/doi-cau-long-thieu-nien-racket-boys/,phim hai,No
Nhịp Đập Trái Tim,https://ohitv.net/phim-bo/vincenzo/,phim hai,No
Ác Quỷ,https://ohitv.net/phim-bo/ve-dep-dich-thuc/,phim hai,No
Vấp Ngã Đừng Khóc,https://ohitv.net/phim-bo/ban-trai-toi-la-ho-ly/,phim hai,No
Cổ Tương Tư Khúc,https://ohitv.net/phim-bo/ngay-tot-ngay-xau/,phim hai,No
Vụng Trộm Không Thể Giấu,https://ohitv.net/phim-bo/go-cua-trai-tim/,phim hai,No
Nam Dương Nữ Nhi Tình,https://ohitv.net/phim-bo/em-la-cua-anh/,phim hai,No
Lời Nói Dối Sau Vườn Nhà Tôi,https://ohitv.net/phim-bo/dien-thi-co-sao/,phim hai,No
Trường Phong Độ,https://ohitv.net/phim-bo/nhung-bac-si-tai-hoa-hospital-playlist/,phim hai,No
Hẹn Gặp Anh Ở Kiếp Thứ 19,https://ohitv.net/phim-bo/tham-tu-pho-tau/,phim hai,No
Khách Sạn Vương Giả,https://ohitv.net/phim-bo/ha-canh-noi-anh/,phim hai,No
Khi Anh Chạy Về Phía Em,https://ohitv.net/phim-bo/khach-san-ma-quai/,phim hai,No
Soi Sáng Cho Em,https://ohitv.net/phim-bo/lang-quan-100-ngay/,phim hai,No
Hoa Nhung,https://ohitv.net/phim-le/dao-hai-tac-dao-tren-troi/,phim hai,No
Chị Đại Học Đường,https://ohitv.net/phim-bo/tuoi-tho-ba-dao-cua-sheldon/,phim hai,No
Cú Lừa Nên Duyên,https://ohitv.net/phim-bo/dom-dom/,phim hai,No
Ba Kiếp Yêu Hận,https://ohitv.net/phim-bo/yeu-tinh/,phim hai,No
Ba Phần Hoang Dã,https://ohitv.net/phim-le/anh-voi-so-toi/,phim hai,No
Hậu Lãng,https://ohitv.net/phim-le/dao-hai-tac-13-gold/,phim hai,No
Hộ Tâm,https://ohitv.net/phim-bo/yeu-khong-ly-do/,phim hai,No
Cơn Mưa Ở Espana,https://ohitv.net/phim-bo/loi-hoi-dap-1988/,phim hai,No
Người Mẹ Tồi Của Tôi,https://ohitv.net/phim-le/dao-hai-tac-7-ten-khong-lo-trong-lau-dai-karakuri/,phim hai,No
Nữ Hoàng Mặt Nạ,https://ohitv.net/phim-le/dao-hai-tac-6-nam-tuoc-omatsuri-va-hon-dao-bi-mat/,phim hai,No
Tình Yêu Anh Dành Cho Em,https://ohitv.net/phim-le/dao-hai-tac-1-dao-chau-bau/,phim hai,No
Đây Không Phải Là Kéo Co Sao?,https://ohitv.net/phim-bo/dao-hai-tac/,phim hai,No
Bác Sĩ Cha,https://ohitv.net/phim-bo/tham-tu-lung-danh-conan/,phim hai,No
Phong Hậu,https://ohitv.net/phim-le/cuoc-doi-forrest-gump/,phim hai,No
Trường Nguyệt Tẫn Minh,https://ohitv.net/phim-bo/khi-em-chay-ve-moi-thoi-khong/,phim bi an,No
Gulcemal,https://ohitv.net/phim-bo/the-8-show/,phim bi an,No
Trêu Chọc,https://ohitv.net/phim-bo/tai-sinh/,phim bi an,No
Quy Lộ (Đường Về Nhà),https://ohitv.net/phim-bo/dead-boy-detectives/,phim bi an,No
Ốc Đảo Tuổi Trẻ,https://ohitv.net/phim-bo/chief-detective-1958/,phim bi an,No
Luật Sư Ly Hôn Shin,https://ohitv.net/phim-bo/phan-anh-hung/,phim bi an,No
Tôi Là Farah,https://ohitv.net/phim-le/khong-co-chuyen-gi-ma-mot-noi-lau-khong-giai-quyet-duoc/,phim bi an,No
Taxi Ma Quái,https://ohitv.net/phim-bo/sup-do/,phim bi an,No
Cửu Tiêu Hàn Dạ Noãn,https://ohitv.net/phim-bo/hao-y-hanh/,phim bi an,No
Tinh Lạc Ngưng Thành Đường,https://ohitv.net/phim-bo/ly-ca/,phim bi an,No
Đại Minh Dưới Kính Hiển Vi,https://ohitv.net/phim-bo/mat-tich/,phim bi an,No
Công Tử Chàng Tên Gì,https://ohitv.net/phim-le/tu-vien-mau/,phim bi an,No
Chim Mồi,https://ohitv.net/phim-bo/nothing-uncovered/,phim bi an,No
Tam Thể,https://ohitv.net/phim-bo/ga-nugget/,phim bi an,No
Khóa Học Yêu Cấp Tốc,https://ohitv.net/phim-bo/tu-tru-vuong-nguoi-thay-doi-dinh-menh/,phim bi an,No
"Đối Với Tôi, Anh Ấy Là Người Nguy Hiểm",https://ohitv.net/phim-bo/truong-tuong-vat/,phim bi an,No
Trạch Quân Ký,https://ohitv.net/phim-bo/the-gioi-tuoi-dep/,phim bi an,No
Bảo Vệ Thành Chủ Đại Nhân Của Ta,https://ohitv.net/phim-le/exhuma-quat-mo-trung-ma/,phim bi an,No
Đi Đến Nơi Có Gió,https://ohitv.net/phim-bo/liep-bang/,phim bi an,No
Vinh Quang Trong Thù Hận,https://ohitv.net/phim-bo/khach-san-grand-shining/,phim bi an,No
Cú Úp Rổ Đầu Tiên,https://ohitv.net/phim-bo/luong-tam-ke-bat-coc/,phim bi an,No
Cầm Tù,https://ohitv.net/phim-bo/ban-tay-ma-thuat/,phim bi an,No
Cậu Út Nhà Tài Phiệt,https://ohitv.net/phim-bo/la-phieu-tu-hinh/,phim bi an,No
Chiếc Bật Lửa Và Váy Công Chúa,https://ohitv.net/phim-bo/doi-thieu-nien-sieu-dang/,phim bi an,No
Sorbet Nam Việt Quất,https://ohitv.net/phim-bo/nguoi-yeu-dau/,phim bi an,No
Cạm Bẫy,https://ohitv.net/phim-bo/dung-noi-doi-em/,phim bi an,No
Dưới Bóng Trung Điện,https://ohitv.net/phim-bo/lien-hoa-lau/,phim bi an,No
Cô Gái Thế Kỷ 20,https://ohitv.net/phim-bo/huynh-de-ki-tich/,phim bi an,No
Câu Chuyện Cổ Tích,https://ohitv.net/phim-bo/nhip-dap-trai-tim/,phim bi an,No
Hư Nhan,https://ohitv.net/phim-bo/ac-quy/,phim bi an,No
Chim Bói Cá,https://ohitv.net/phim-bo/loi-noi-doi-sau-vuon-nha-toi/,phim bi an,No
Phản Bội,https://ohitv.net/phim-bo/chi-dai-hoc-duong/,phim bi an,No
Thỉnh Quân,https://ohitv.net/phim-bo/van-tuong-truyen/,phim bi an,No
Thương Lan Quyết,https://ohitv.net/phim-bo/tran-phong-thap-tam-tai/,phim bi an,No
Miệng Bự,https://ohitv.net/phim-bo/treu-choc/,phim bi an,No
Hãy Lắng Nghe Tôi,https://ohitv.net/phim-bo/tam-the/,phim bi an,No
Tinh Hà Xán Lạn,https://ohitv.net/phim-bo/doi-voi-toi-anh-ay-la-nguoi-nguy-hiem/,phim bi an,No
Nữ Luật Sư Kỳ Lạ Woo Young Woo,https://ohitv.net/phim-le/da-dieu/,phim bi an,No
Bác Sĩ Luật Sư,https://ohitv.net/phim-bo/hu-nhan/,phim bi an,No
Thả Thí Thiên Hạ,https://ohitv.net/phim-bo/mieng-bu/,phim bi an,No
Blues Nơi Đảo Xanh,https://ohitv.net/phim-bo/hoan-hon/,phim bi an,No
Hẹn Hò Chốn Công Sở,https://ohitv.net/phim-bo/ngoi-sao-lap-lanh/,phim bi an,No
Ba Chị Em,https://ohitv.net/phim-bo/phong-khoi-lac-duong/,phim bi an,No
Người Cha,https://ohitv.net/phim-bo/hanh-phuc-chung-cu-co-doc/,phim bi an,No
Ngôi Sao Lấp Lánh,https://ohitv.net/phim-bo/tro-choi-con-muc/,phim bi an,No
Mùa Hè Yêu Dấu Của Chúng Ta,https://ohitv.net/phim-bo/nghe-thuat-san-quy-va-nau-mi/,phim bi an,No
Hạnh Phúc: Chung Cư Có Độc,https://ohitv.net/phim-le/yeu-cuong-loan/,phim hinh su,No
Quốc Tử Giám Có Một Nữ Đệ Tử,https://ohitv.net/phim-bo/liep-bang/,phim hinh su,No
Nơi Xứ Người Tôi Rất Ổn,https://ohitv.net/phim-bo/nam-lai-bac-vang/,phim hinh su,No
Thánh Ăn Đại Đường,https://ohitv.net/phim-bo/nu-hoang-ly-hon/,phim hinh su,No
Mùa Hè Của Hương Bạc Hà,https://ohitv.net/phim-bo/a-mach-tong-quan/,phim hinh su,No
"Meo, Hãy Cầu Nguyện",https://ohitv.net/phim-bo/flex-x-cop/,phim hinh su,No
Tình Yêu Bất Ngờ,https://ohitv.net/phim-le/ba-thim-bao-thu/,phim hinh su,No
Chuyện Hòn Đảo,https://ohitv.net/phim-bo/di-san-ky-bi/,phim hinh su,No
Chua & Ngọt,https://ohitv.net/phim-bo/cua-hang-sat-thu/,phim hinh su,No
Đội Cầu Lông Thiếu Niên,https://ohitv.net/phim-bo/chang-trai-nuot-chung-vu-tru/,phim hinh su,No
Anh Em Tôi,https://ohitv.net/phim-bo/echo/,phim hinh su,No
Đêm Giao Thừa,https://ohitv.net/phim-bo/anh-em-nha-ho-ton/,phim hinh su,No
Con Tàu Chiến Thắng,https://ohitv.net/phim-bo/berlin/,phim hinh su,No
Chờ Em Đến,https://ohitv.net/phim-bo/cao-tinh-ranh/,phim hinh su,No
Chàng Hậu,https://ohitv.net/phim-le/bang-qua-bien-gian-du/,phim hinh su,No
Vẻ Đẹp Đích Thực,https://ohitv.net/phim-le/mua-xuan-seoul/,phim hinh su,No
Một Nửa Của Tôi,https://ohitv.net/phim-bo/an-mang-noi-tan-cung-the-gioi/,phim hinh su,No
Penthouse: Cuộc Chiến Thượng Lưu,https://ohitv.net/phim-bo/canh-giac/,phim hinh su,No
Bạn Trai Tôi Là Hồ Ly,https://ohitv.net/phim-le/ac-nu/,phim hinh su,No
Ngày Tốt – Ngày Xấu,https://ohitv.net/phim-bo/banh-quy-ma-thuat/,phim hinh su,No
Gõ Cửa Trái Tim,https://ohitv.net/phim-bo/co-nang-manh-me-gang-nam-soon/,phim hinh su,No
Điên Thì Có Sao,https://ohitv.net/phim-bo/luong-tam-ke-bat-coc/,phim hinh su,No
Quân Vương Bất Diệt,https://ohitv.net/phim-bo/nguoi-nao-do/,phim hinh su,No
Những Bác Sĩ Tài Hoa,https://ohitv.net/phim-le/thien-ac-doi-dau-3/,phim hinh su,No
Tầng Lớp Itaewon,https://ohitv.net/phim-bo/bong-ma-anh-quoc/,phim hinh su,No
Ramo,https://ohitv.net/phim-bo/vuot-nguc/,phim hinh su,No
Thám Tử Phố Tàu,https://ohitv.net/phim-le/dam-xanh/,phim hinh su,No
Mộng Hồi,https://ohitv.net/phim-le/les-miserables/,phim hinh su,No
Hạ Cánh Nơi Anh,https://ohitv.net/phim-le/nha-tu-shawshank/,phim hinh su,No
Khánh Dư Niên,https://ohitv.net/phim-le/nhung-nguoi-ban-tuong-tuong/,phim gia dinh,No
Cuộc Chiến Không Gian,https://ohitv.net/phim-bo/chien-binh-knuckles/,phim gia dinh,No
Khách Sạn Ma Quái,https://ohitv.net/phim-bo/thua-hoan-ky/,phim gia dinh,No
Cá Mực Hầm Mật,https://ohitv.net/phim-bo/ve-dep-thuan-khiet/,phim gia dinh,No
Hercai,https://ohitv.net/phim-bo/an-so-ve-chung-ta/,phim gia dinh,No
Vị Khách,https://ohitv.net/phim-le/chung-ta-cung-nhau-lac-mat-troi/,phim gia dinh,No
Lang Quân 100 ngày,https://ohitv.net/phim-bo/nam-lai-bac-vang/,phim gia dinh,No
Hậu Cung Như Ý Truyện,https://ohitv.net/phim-bo/thuong-hai-phon-hoa/,phim gia dinh,No
Thiên Thịnh Trường Ca,https://ohitv.net/phim-bo/percy-jackson-va-cac-vi-than-tren-dinh-olympus/,phim gia dinh,No
Diên Hy Công Lược,https://ohitv.net/phim-bo/hong-nhung/,phim gia dinh,No
Đá Vàng,https://ohitv.net/phim-le/ky-nghi-phep-3-ngay/,phim gia dinh,No
Tình Yêu Bí Mật,https://ohitv.net/phim-le/quy-lun-tinh-nghich-3-dong-tam-hiep-nhac/,phim gia dinh,No
Biển Đen,https://ohitv.net/phim-bo/ngoc-bich/,phim gia dinh,No
Đời Sống Ngục Tù,https://ohitv.net/phim-bo/dong-thoai-doc-nhat/,phim gia dinh,No
Ngọc Trai Đen,https://ohitv.net/phim-bo/sorbet-nam-viet-quat/,phim gia dinh,No
Đom Đóm,https://ohitv.net/phim-bo/chim-boi-ca/,phim gia dinh,No
Cô Dâu Istanbul,https://ohitv.net/phim-bo/phan-boi/,phim gia dinh,No
Yêu Tinh,https://ohitv.net/phim-bo/ba-chi-em/,phim gia dinh,No
Anh tôi vô số tội,https://ohitv.net/phim-le/dao-hai-tac-14-le-hoi-hai-tac/,phim gia dinh,No
Người Thầy Y Đức,https://ohitv.net/phim-le/ten-toi-la-loh-kiwan/,phim lang man,No
Hai Thế Giới,https://ohitv.net/phim-le/chung-ta-cung-nhau-lac-mat-troi/,phim lang man,No
Yêu Không Lý Do,https://ohitv.net/phim-bo/cam-bay-ngot-ngao/,phim lang man,No
Khúc Ca Hạnh Phúc (Hoan Lạc Tụng),https://ohitv.net/phim-le/hoa-thien-cot/,phim lang man,No
Tình Yêu Bất Tận,https://ohitv.net/phim-le/ngoi-sao-lap-lanh/,phim lang man,No
Ngôi Nhà Hạnh Phúc,https://ohitv.net/phim-le/biet-doi-san-rong/,phim lang man,No
Hậu Trường Giải Trí,https://ohitv.net/phim-le/mot-minh-van-on-t/,phim lang man,No
Ngây Thơ,https://ohitv.net/phim-le/yeu-lai-vo-ngau/,phim lang man,No
Godzilla,https://ohitv.net/phim-le/maboroshi/,phim lang man,No
Bản Cam Kết,https://ohitv.net/phim-le/hoi-nguoi-nghien-goi-dau/,phim lang man,No
Những Người Thừa Kế,https://ohitv.net/phim-le/nhat-ky-trao-doi-bi-mat/,phim lang man,No
Tiếng Hót Chim Hồng Tước,https://ohitv.net/phim-le/thich-anh-tu-lau/,phim lang man,No
Bóng Ma Anh Quốc,https://ohitv.net/phim-le/co-gai-the-ky-20/,phim lang man,No
Mặt Trời Của Chàng Joo,https://ohitv.net/phim-bo/cong-thuc-tinh-yeu/,phim lang man,No
Chuyến Tàu Băng Giá,https://ohitv.net/phim-le/chua-ngot/,phim lang man,No
Tình Sử Jang Ok Jung,https://ohitv.net/phim-le/dem-giao-thua/,phim lang man,No
Lời hồi đáp 1997,https://ohitv.net/phim-bo/tieng-hot-chim-hong-tuoc/,phim lang man,No
Mặt Trăng Ôm Mặt Trời,https://ohitv.net/phim-le/les-miserables/,phim lang man,No
Người Giúp Việc,https://ohitv.net/phim-le/cuoc-doi-forrest-gump/,phim lang man,No
Bay cao ước mơ,https://ohitv.net/phim-le/hanh-tinh-khi-vuong-quoc-moi/,phim hanh dong,No
3 Chàng Ngốc,https://ohitv.net/phim-le/luc-luong-gin-giu-hoa-binh/,phim hanh dong,No
My Sister’s Keeper,https://ohitv.net/phim-le/vay-ham-ke-trung-phat/,phim hanh dong,No
Chú Chó Trung Thành,https://ohitv.net/phim-le/bo-chien-tranh-bat-lich-su/,phim hanh dong,No
The Bucket List,https://ohitv.net/phim-le/ngay-tan-cua-de-quoc/,phim hanh dong,No
Đảo Hải Tặc 8: Cuộc Chiến Ở Vương Quốc Alabasta,https://ohitv.net/phim-le/tram-truong/,phim hanh dong,No
Gia Đình Là Số Một Phần 1,https://ohitv.net/phim-le/rebel-moon-phan-hai-ke-khac-vet-seo/,phim hanh dong,No
Kỹ Nữ Hwang Jin Yi,https://ohitv.net/phim-le/thien-ac-doi-dau-3/,phim hanh dong,No
"Xuân, Hạ, Thu, Đông… Rồi Lại Xuân",https://ohitv.net/phim-le/dau-gau-dung-dau-dat/,phim hanh dong,No
Nàng Dae Jang Geum,https://ohitv.net/phim-le/one-piece-film-red/,phim hanh dong,No
Dặm Xanh,https://ohitv.net/phim-le/godzilla-dai-chien-kong/,phim hanh dong,No
Les Misérables,https://ohitv.net/phim-le/ban-dao/,phim hanh dong,No
Nhà Tù Shawshank,https://ohitv.net/phim-le/song-sot/,phim hanh dong,No
Cuộc Đời Forrest Gump,https://ohitv.net/phim-le/dao-hai-tac-14-le-hoi-hai-tac/,phim hanh dong,No
Dead Poets Society,https://ohitv.net/phim-le/su-gia-cua-chua/,phim hanh dong,No
Cuốn Theo Chiều Gió,https://ohitv.net/phim-le/be-ha-van-tue/,phim hanh dong,No
Có Dám Yêu Anh,https://ohitv.net/phim-le/thieu-nu-va-ac-long/,phim gia tuong,No
Tai Nạn,https://ohitv.net/phim-le/hoa-thien-cot/,phim gia tuong,No
Mẹ Của Nàng Dâu,https://ohitv.net/phim-le/ngoi-sao-lap-lanh/,phim gia tuong,No
Phát Thanh Viên Thành Thật,https://ohitv.net/phim-le/ky-nghi-phep-3-ngay/,phim gia tuong,No
Unfrosted: Câu chuyện Pop-Tart,https://ohitv.net/phim-le/dau-pha-thuong-khung-thuc-tinh/,phim gia tuong,No
City Hunter,https://ohitv.net/phim-le/maboroshi/,phim gia tuong,No
Sổ Tay Hướng Dẫn Yêu Đương Tiết Kiệm,https://ohitv.net/phim-le/chuyen-tinh-chang-tam-quy/,phim gia tuong,No
Không Có Chuyện Gì Mà Một Nồi Lẩu Không Giải Quyết Được,https://ohitv.net/phim-le/phong-than-phan-1-phong-van-trieu-ca/,phim gia tuong,No
Thế Tử Biến Mất Rồi!,https://ohitv.net/phim-bo/tuyet-ung-linh-chu/,phim gia tuong,No
Bộ Lọc,https://ohitv.net/phim-le/con-tau-chien-thang/,phim gia tuong,No
Đoán Xem Tôi Là Ai,https://ohitv.net/phim-le/dao-hai-tac-14-le-hoi-hai-tac/,phim gia tuong,No
Gà nugget,https://ohitv.net/phim-le/harry-potter-va-bao-boi-tu-than-phan-2/,phim gia tuong,No
Nghịch lý kẻ sát nhân,https://ohitv.net/phim-le/harry-potter-va-tu-nhan-azkaban/,phim gia tuong,No
Lift: Vụ Trộm Trên Không,https://ohitv.net/phim-bo/doi-mat-si-tinh/,sci fi fantasy,No
Nhập Vai,https://ohitv.net/phim-bo/tang-19/,sci fi fantasy,No
Những Điều Tồi Tệ,https://ohitv.net/phim-bo/co-di-ma-lay-chong-toi/,sci fi fantasy,No
Xin Chào Chúng Tôi Là Hoan Hỉ Thiên Đoàn,https://ohitv.net/phim-bo/trang-len-ban-ngay/,sci fi fantasy,No
Anh Từng Đến Tương Lai Của Em,https://ohitv.net/phim-bo/dien-canh-ky/,sci fi fantasy,No
Chúa Tể Quỷ Cấp 1 Và Anh Hùng Một Phòng,https://ohitv.net/phim-bo/hanh-phuc-chung-cu-co-doc/,sci fi fantasy,No
Wednesday,https://ohitv.net/phim-le/kung-fu-panda-4/,phim phieu luu,No
Em Là Của Anh,https://ohitv.net/phim-le/kung-fu-panda-4/,phim hoat hinh,No
Bệ Hạ Vạn Tuế,https://ohitv.net/phim-le/maboroshi/,phim hoat hinh,No
Cạm Bẫy Tình Yêu,https://ohitv.net/phim-bo/chua-te-quy-cap-1-va-anh-hung-mot-phong/,phim hoat hinh,No
Đảo Hải Tặc: Đảo Trên Trời,https://ohitv.net/phim-le/cu-up-ro-dau-tien/,phim hoat hinh,No
Tuổi Thơ Bá Đạo của Sheldon,https://ohitv.net/phim-le/one-piece-film-red/,phim hoat hinh,No
Đảo Hải Tặc 13: GOLD,https://ohitv.net/phim-bo/thanh-guom-diet-quy/,phim hoat hinh,No
Lời Hồi Đáp 1988,https://ohitv.net/phim-le/kung-fu-panda-3/,phim hoat hinh,No
